[
{
    "model": "upgrid.upgridbaseuser",
    "pk": "2d06b35b-9792-4522-9a6d-152c9f270067",
    "fields": {
        "username": "cky2",
        "password": "pbkdf2_sha256$36000$U2yLgI79Hcj7$yOYqHg3zwZP1G8yEA7LHiwunOnEuzAc+QqfIJd/73vM=",
        "email": "cky2@gustr.com",
        "is_active": true,
        "data_joined": "2017-08-11T20:15:52.283Z"
    }
},
{
    "model": "upgrid.upgridbaseuser",
    "pk": "6115c060-9cf9-4ae9-8f5b-ce18dddd6ad8",
    "fields": {
        "username": "cky11",
        "password": "pbkdf2_sha256$36000$YgHMHCsCtbre$8EJtOfW7eAP/Hb4faFIEz7jnmbAkH2MPE2nE6gJEo0U=",
        "email": "cky11@gustr.com",
        "is_active": true,
        "data_joined": "2017-08-15T14:54:11.451Z"
    }
},
{
    "model": "upgrid.upgridbaseuser",
    "pk": "c15cc789-f3a4-4d78-aff7-04e402238784",
    "fields": {
        "username": "cky1",
        "password": "pbkdf2_sha256$36000$Xt0ErEpCHlHA$cqFN9dbXyIdIyC+FAIr6QL0vcg5VdwBUnzDKLmPBQGs=",
        "email": "cky1@gustr.com",
        "is_active": true,
        "data_joined": "2017-07-28T19:14:35.624Z"
    }
},
{
    "model": "upgrid.upgridbaseuser",
    "pk": "c6db9ada-2b0f-4cc9-9f39-ab0e96f8ff1a",
    "fields": {
        "username": "cky",
        "password": "pbkdf2_sha256$36000$rcgf5cCI8oap$m5g70AmsAURAaTMtErbpzXYHPQU/UZjgG1douawQD2g=",
        "email": "ckykokoko@gmail.com",
        "is_active": true,
        "data_joined": "2017-07-28T19:12:59Z"
    }
},
{
    "model": "upgrid.upgridbaseuser",
    "pk": "f5c6b76f-ed92-4d8c-b7bb-69d41daef849",
    "fields": {
        "username": "cky3@gustr.com@M",
        "password": "pbkdf2_sha256$36000$fAK0H3A0ZwPr$IBuokYqoTfJ0/QDWL9qCf001NFKVnnJHMI7oCrO7Rf4=",
        "email": "cky3@gustr.com",
        "is_active": true,
        "data_joined": "2017-09-13T20:11:25.275Z"
    }
},
{
    "model": "upgrid.upgridbaseuser",
    "pk": "fa4092f4-5384-4f03-a42f-e6b27f6b7495",
    "fields": {
        "username": "cky13",
        "password": "pbkdf2_sha256$36000$z9BnsLBn61fI$gk2tlIPaC0ND5LFU0uxVLQLIQ+P4EY2vAUPtKTw1+kk=",
        "email": "cky13@gustr.com",
        "is_active": true,
        "data_joined": "2017-08-17T14:41:38.373Z"
    }
},
{
    "model": "upgrid.upgridbaseuser",
    "pk": "fced43c6-ba29-4493-91a1-c0813b601249",
    "fields": {
        "username": "cky14",
        "password": "pbkdf2_sha256$30000$t69zGwa9gFbG$HSeQKPJe0ZMqcsNZzMEW8fLYSZnET/BvYiHkEfaDIn8=",
        "email": "cky14@gustr.com",
        "is_active": true,
        "data_joined": "2017-08-17T14:43:56.316Z"
    }
},
{
    "model": "upgrid.upgridbaseuser",
    "pk": "ffc71ad5-2f2d-4f7b-8bb8-0f41aad355ce",
    "fields": {
        "username": "cky12",
        "password": "pbkdf2_sha256$30000$AxcJ5mYXKQoH$dOVmAZBfZumXbnsNwPTV6QYIrhij6qB1EI6QXKCKXZY=",
        "email": "cky12@gustr.com",
        "is_active": true,
        "data_joined": "2017-08-17T14:37:05.432Z"
    }
},
{
    "model": "upgrid.upgridaccountmanager",
    "pk": "c6db9ada-2b0f-4cc9-9f39-ab0e96f8ff1a",
    "fields": {
        "mobile": "111222333411",
        "modify_user": true
    }
},
{
    "model": "upgrid.universitycustomer",
    "pk": "2d06b35b-9792-4522-9a6d-152c9f270067",
    "fields": {
        "is_demo": true,
        "can_ccemail": true,
        "Ceeb": "2926_SAS",
        "department": null,
        "account_manager": "c6db9ada-2b0f-4cc9-9f39-ab0e96f8ff1a",
        "main_user_id": null,
        "service_level": "platinum",
        "title": "Dr",
        "contact_name": "asdf",
        "position": "aegfaef",
        "position_level": "university",
        "phone": "3336665555",
        "account_type": "main",
        "service_until": "2017-09-01T21:04:24Z",
        "competing_schools": [
            "98910138-cc86-4cc2-a88c-92dc145d62cd",
            "14eb3a95-239f-40a8-a818-55775d3b613c",
            "5f7b3656-43f7-42dd-94ab-48b7d7b6b189"
        ],
        "non_degree_schools": [
            "580bbf8b-642b-4eb7-914c-03a054981719",
            "c8937169-d238-4bcb-a8bb-5bc70735537e"
        ]
    }
},
{
    "model": "upgrid.universitycustomer",
    "pk": "6115c060-9cf9-4ae9-8f5b-ce18dddd6ad8",
    "fields": {
        "is_demo": false,
        "can_ccemail": true,
        "Ceeb": "2562_SCEH",
        "department": null,
        "account_manager": "c6db9ada-2b0f-4cc9-9f39-ab0e96f8ff1a",
        "main_user_id": "c15cc789-f3a4-4d78-aff7-04e402238784",
        "service_level": "platinum",
        "title": "Mrs",
        "contact_name": "cky11",
        "position": "1",
        "position_level": "School",
        "phone": "2321442313",
        "account_type": "sub",
        "service_until": "2017-09-01T15:27:37Z",
        "competing_schools": [
            "c8937169-d238-4bcb-a8bb-5bc70735537e",
            "a4466107-5a04-415a-9095-17ec241b9026"
        ],
        "non_degree_schools": [
            "580bbf8b-642b-4eb7-914c-03a054981719",
            "c8937169-d238-4bcb-a8bb-5bc70735537e",
            "a4466107-5a04-415a-9095-17ec241b9026",
            "cdeda843-d0fb-4b68-93be-42fd945c6677"
        ]
    }
},
{
    "model": "upgrid.universitycustomer",
    "pk": "c15cc789-f3a4-4d78-aff7-04e402238784",
    "fields": {
        "is_demo": true,
        "can_ccemail": true,
        "Ceeb": "2562_SCEH",
        "department": "",
        "account_manager": "c6db9ada-2b0f-4cc9-9f39-ab0e96f8ff1a",
        "main_user_id": "",
        "service_level": "gold",
        "title": "Mr",
        "contact_name": "cky1",
        "position": "12e4",
        "position_level": "university",
        "phone": "123124124",
        "account_type": "main",
        "service_until": "2017-08-31T00:00:00Z",
        "competing_schools": [
            "580bbf8b-642b-4eb7-914c-03a054981719",
            "c8937169-d238-4bcb-a8bb-5bc70735537e",
            "a4466107-5a04-415a-9095-17ec241b9026",
            "98910138-cc86-4cc2-a88c-92dc145d62cd",
            "14eb3a95-239f-40a8-a818-55775d3b613c"
        ],
        "non_degree_schools": [
            "580bbf8b-642b-4eb7-914c-03a054981719",
            "c8937169-d238-4bcb-a8bb-5bc70735537e",
            "a4466107-5a04-415a-9095-17ec241b9026",
            "98910138-cc86-4cc2-a88c-92dc145d62cd",
            "14eb3a95-239f-40a8-a818-55775d3b613c"
        ]
    }
},
{
    "model": "upgrid.universitycustomer",
    "pk": "f5c6b76f-ed92-4d8c-b7bb-69d41daef849",
    "fields": {
        "is_demo": false,
        "can_ccemail": false,
        "Ceeb": "2092_GSAS",
        "department": "All",
        "account_manager": "c6db9ada-2b0f-4cc9-9f39-ab0e96f8ff1a",
        "main_user_id": null,
        "service_level": "silver",
        "title": "Ms",
        "contact_name": "cky3@gustr.com",
        "position": "cky3@gustr.com",
        "position_level": "School",
        "phone": "2223336666",
        "account_type": "main",
        "service_until": "2017-12-30T00:00:00Z",
        "competing_schools": [
            "98910138-cc86-4cc2-a88c-92dc145d62cd",
            "14eb3a95-239f-40a8-a818-55775d3b613c"
        ],
        "non_degree_schools": [
            "580bbf8b-642b-4eb7-914c-03a054981719",
            "c8937169-d238-4bcb-a8bb-5bc70735537e",
            "d4281464-3a34-49f0-ac50-855719c2bf67"
        ]
    }
},
{
    "model": "upgrid.universitycustomer",
    "pk": "fa4092f4-5384-4f03-a42f-e6b27f6b7495",
    "fields": {
        "is_demo": false,
        "can_ccemail": false,
        "Ceeb": "2562_CPH",
        "department": null,
        "account_manager": "c6db9ada-2b0f-4cc9-9f39-ab0e96f8ff1a",
        "main_user_id": null,
        "service_level": "gold",
        "title": "Miss",
        "contact_name": "ckt13",
        "position": "wfwef",
        "position_level": "School",
        "phone": "1232435325",
        "account_type": "sub",
        "service_until": "2017-09-01T21:03:53Z",
        "competing_schools": [
            "98910138-cc86-4cc2-a88c-92dc145d62cd",
            "14eb3a95-239f-40a8-a818-55775d3b613c",
            "5f7b3656-43f7-42dd-94ab-48b7d7b6b189",
            "f84c975a-7147-4ce6-bcd9-7526b47d3658"
        ],
        "non_degree_schools": [
            "580bbf8b-642b-4eb7-914c-03a054981719",
            "c8937169-d238-4bcb-a8bb-5bc70735537e",
            "a4466107-5a04-415a-9095-17ec241b9026",
            "98910138-cc86-4cc2-a88c-92dc145d62cd",
            "14eb3a95-239f-40a8-a818-55775d3b613c"
        ]
    }
},
{
    "model": "upgrid.universitycustomer",
    "pk": "fced43c6-ba29-4493-91a1-c0813b601249",
    "fields": {
        "is_demo": false,
        "can_ccemail": false,
        "Ceeb": "2926_SEAS",
        "department": null,
        "account_manager": "c6db9ada-2b0f-4cc9-9f39-ab0e96f8ff1a",
        "main_user_id": null,
        "service_level": "platinum",
        "title": "Miss",
        "contact_name": "cky14",
        "position": "sfaefd",
        "position_level": "School",
        "phone": "2232323424",
        "account_type": "main",
        "service_until": "2017-09-01T21:03:41Z",
        "competing_schools": [
            "5f7b3656-43f7-42dd-94ab-48b7d7b6b189",
            "f84c975a-7147-4ce6-bcd9-7526b47d3658",
            "f49cf5b6-2d69-4471-abb7-080bf94008c1",
            "f0991dd2-c32e-44a3-9330-a379ca4d24d5",
            "472fa7d4-e5bf-424c-8cc8-9c8c6ed30e73"
        ],
        "non_degree_schools": [
            "c8937169-d238-4bcb-a8bb-5bc70735537e",
            "a4466107-5a04-415a-9095-17ec241b9026",
            "98910138-cc86-4cc2-a88c-92dc145d62cd",
            "14eb3a95-239f-40a8-a818-55775d3b613c",
            "5f7b3656-43f7-42dd-94ab-48b7d7b6b189",
            "f84c975a-7147-4ce6-bcd9-7526b47d3658",
            "f49cf5b6-2d69-4471-abb7-080bf94008c1",
            "f0991dd2-c32e-44a3-9330-a379ca4d24d5"
        ]
    }
},
{
    "model": "upgrid.universitycustomer",
    "pk": "ffc71ad5-2f2d-4f7b-8bb8-0f41aad355ce",
    "fields": {
        "is_demo": false,
        "can_ccemail": false,
        "Ceeb": "2562_SCEH",
        "department": null,
        "account_manager": "c6db9ada-2b0f-4cc9-9f39-ab0e96f8ff1a",
        "main_user_id": "c15cc789-f3a4-4d78-aff7-04e402238784",
        "service_level": "silver",
        "title": "Professor",
        "contact_name": "cky12",
        "position": "scsc",
        "position_level": "School",
        "phone": "511553515151",
        "account_type": "main",
        "service_until": "2017-09-01T19:57:48Z",
        "competing_schools": [
            "a4466107-5a04-415a-9095-17ec241b9026",
            "98910138-cc86-4cc2-a88c-92dc145d62cd",
            "14eb3a95-239f-40a8-a818-55775d3b613c",
            "5f7b3656-43f7-42dd-94ab-48b7d7b6b189",
            "f84c975a-7147-4ce6-bcd9-7526b47d3658",
            "f49cf5b6-2d69-4471-abb7-080bf94008c1"
        ],
        "non_degree_schools": [
            "c8937169-d238-4bcb-a8bb-5bc70735537e",
            "a4466107-5a04-415a-9095-17ec241b9026",
            "98910138-cc86-4cc2-a88c-92dc145d62cd",
            "14eb3a95-239f-40a8-a818-55775d3b613c"
        ]
    }
},
{
    "model": "upgrid.customerfeature",
    "pk": "4a796c47-4b01-463f-abec-5ff43bdfe059",
    "fields": {
        "date_created": "2017-09-11T14:11:01.989Z",
        "date_modified": "2017-09-11T14:11:19.905Z",
        "name": "quick-whoops",
        "description": ""
    }
},
{
    "model": "upgrid.customerfeature",
    "pk": "cad4156b-7149-4f12-9234-c20703ef8020",
    "fields": {
        "date_created": "2017-08-17T16:05:26.249Z",
        "date_modified": "2017-08-17T16:05:26.249Z",
        "name": "AMP",
        "description": ""
    }
},
{
    "model": "upgrid.customerfeature",
    "pk": "f8faf863-a970-4834-96c8-a8896fdfe5d9",
    "fields": {
        "date_created": "2017-08-17T16:00:07.465Z",
        "date_modified": "2017-08-17T16:00:07.465Z",
        "name": "non-degree",
        "description": ""
    }
},
{
    "model": "upgrid.customerfeaturemapping",
    "pk": "0abe88b9-6ee8-4c39-8a10-6bd0d29340c4",
    "fields": {
        "date_created": "2017-09-11T14:12:45.815Z",
        "date_modified": "2017-09-11T14:12:45.815Z",
        "customer": "c15cc789-f3a4-4d78-aff7-04e402238784",
        "feature": "4a796c47-4b01-463f-abec-5ff43bdfe059"
    }
},
{
    "model": "upgrid.customerfeaturemapping",
    "pk": "5fbe054c-3115-4eba-afe9-0d530f60e69b",
    "fields": {
        "date_created": "2017-08-17T16:05:28.372Z",
        "date_modified": "2017-08-17T16:05:28.372Z",
        "customer": "c15cc789-f3a4-4d78-aff7-04e402238784",
        "feature": "cad4156b-7149-4f12-9234-c20703ef8020"
    }
},
{
    "model": "upgrid.customerfeaturemapping",
    "pk": "b3ed32a5-9bb3-4987-a3fe-0c91d70b4290",
    "fields": {
        "date_created": "2017-08-17T16:00:09.454Z",
        "date_modified": "2017-08-17T16:00:09.454Z",
        "customer": "c15cc789-f3a4-4d78-aff7-04e402238784",
        "feature": "f8faf863-a970-4834-96c8-a8896fdfe5d9"
    }
},
{
    "model": "upgrid.customerfeaturemapping",
    "pk": "d974e2e6-8457-43c9-96a1-0710a4c8fa4a",
    "fields": {
        "date_created": "2017-09-13T20:11:25.439Z",
        "date_modified": "2017-09-13T20:11:25.439Z",
        "customer": "f5c6b76f-ed92-4d8c-b7bb-69d41daef849",
        "feature": "cad4156b-7149-4f12-9234-c20703ef8020"
    }
},
{
    "model": "upgrid.customerfeaturemapping",
    "pk": "ed1ef35b-390f-41c4-afb4-d688998dbd6c",
    "fields": {
        "date_created": "2017-09-13T20:11:25.434Z",
        "date_modified": "2017-09-13T20:11:25.434Z",
        "customer": "f5c6b76f-ed92-4d8c-b7bb-69d41daef849",
        "feature": "f8faf863-a970-4834-96c8-a8896fdfe5d9"
    }
},
{
    "model": "upgrid.nondegreereport",
    "pk": "09f96ea0-a8ef-45df-9ed1-b991362e34e7",
    "fields": {
        "date_created": "2017-09-12T13:59:30.010Z",
        "date_modified": "2017-09-12T13:59:30.010Z",
        "school": "f0991dd2-c32e-44a3-9330-a379ca4d24d5",
        "categories": [
            {
                "name": "vvv",
                "object_id": "35c12743-abdc-4604-b1c3-8b1049a794a9",
                "courses": [
                    {
                        "currency": null,
                        "tuition_note": "",
                        "tuition_number": null,
                        "currency_symbol": null,
                        "url": "http://www.ooooo111.com",
                        "location_info": null,
                        "course_dates": [
                            {
                                "duration": 4,
                                "object_id": "1051475e-da3c-434e-8754-12c154a932ef",
                                "start_date": "2017-09-06",
                                "end_date": "2017-09-06"
                            }
                        ],
                        "name": "ddd",
                        "object_id": "000249d2-8c6e-4a89-976b-ac802c43fc30",
                        "date_modified": "2017-08-18T15:52:49.031024Z",
                        "type": null,
                        "Repeatable": null,
                        "is_advanced_management_program": true
                    },
                    {
                        "currency": null,
                        "tuition_note": "",
                        "tuition_number": null,
                        "currency_symbol": null,
                        "url": "http://www.ggggy.com",
                        "location_info": null,
                        "course_dates": [],
                        "name": "eeeee",
                        "object_id": "c0c238ba-15ef-4e7f-aa81-4687835faa88",
                        "date_modified": "2017-08-18T15:51:27.029308Z",
                        "type": "online",
                        "Repeatable": null,
                        "is_advanced_management_program": true
                    }
                ],
                "date_modified": "2017-08-11T18:03:05.153728Z"
            }
        ],
        "active": true
    }
},
{
    "model": "upgrid.nondegreereport",
    "pk": "11b2da9d-a2d3-45b0-837b-1cfcc62c4a2b",
    "fields": {
        "date_created": "2017-09-13T20:06:18.344Z",
        "date_modified": "2017-09-13T20:06:18.344Z",
        "school": "580bbf8b-642b-4eb7-914c-03a054981719",
        "categories": [
            {
                "name": "cat2",
                "object_id": "ada0a9a5-5288-449b-9b27-74a6c20530a3",
                "courses": [
                    {
                        "currency": null,
                        "tuition_note": "",
                        "tuition_number": null,
                        "currency_symbol": null,
                        "url": null,
                        "location_info": "",
                        "course_dates": [],
                        "name": "co3",
                        "object_id": "46105175-3338-4ae8-8ae9-fabd02c0932a",
                        "date_modified": "2017-09-12T14:06:00.864167Z",
                        "type": null,
                        "Repeatable": null,
                        "is_advanced_management_program": true
                    },
                    {
                        "currency": null,
                        "tuition_note": "",
                        "tuition_number": null,
                        "currency_symbol": null,
                        "url": null,
                        "location_info": null,
                        "course_dates": [],
                        "name": "course1",
                        "object_id": "28d02cb7-86df-4014-bfad-6ae584568dea",
                        "date_modified": "2017-09-13T20:06:01.606739Z",
                        "type": "online",
                        "Repeatable": null,
                        "is_advanced_management_program": true
                    }
                ],
                "date_modified": "2017-09-12T14:02:16.176394Z"
            },
            {
                "name": "cat3",
                "object_id": "9e13273d-eef1-4563-9793-ed358ea12807",
                "courses": [
                    {
                        "currency": null,
                        "tuition_note": "",
                        "tuition_number": null,
                        "currency_symbol": null,
                        "url": null,
                        "location_info": "",
                        "course_dates": [],
                        "name": "co3",
                        "object_id": "46105175-3338-4ae8-8ae9-fabd02c0932a",
                        "date_modified": "2017-09-12T14:06:00.864167Z",
                        "type": null,
                        "Repeatable": null,
                        "is_advanced_management_program": true
                    },
                    {
                        "currency": null,
                        "tuition_note": "",
                        "tuition_number": null,
                        "currency_symbol": null,
                        "url": null,
                        "location_info": "",
                        "course_dates": [],
                        "name": "course2",
                        "object_id": "4839d6d2-0cf0-4015-a683-4636323e90ac",
                        "date_modified": "2017-09-12T14:07:48.588944Z",
                        "type": null,
                        "Repeatable": null,
                        "is_advanced_management_program": true
                    }
                ],
                "date_modified": "2017-09-12T14:02:52.541310Z"
            },
            {
                "name": "khg",
                "object_id": "6dd78f09-2cb5-4f91-b6fc-8a33eba1d0b2",
                "courses": [
                    {
                        "currency": null,
                        "tuition_note": "",
                        "tuition_number": null,
                        "currency_symbol": null,
                        "url": "http://www.mendoza.nd.edu",
                        "location_info": null,
                        "course_dates": [],
                        "name": "kkk",
                        "object_id": "00cf8551-837c-4eb1-b2ec-65fc40ac6bd5",
                        "date_modified": "2017-09-13T19:52:31.475985Z",
                        "type": null,
                        "Repeatable": null,
                        "is_advanced_management_program": true
                    }
                ],
                "date_modified": "2017-08-02T15:12:43.356558Z"
            }
        ],
        "active": true
    }
},
{
    "model": "upgrid.nondegreereport",
    "pk": "1a5978ff-ad6b-4fb6-84d7-aab72455c664",
    "fields": {
        "date_created": "2017-09-12T13:59:09.090Z",
        "date_modified": "2017-09-12T13:59:09.090Z",
        "school": "580bbf8b-642b-4eb7-914c-03a054981719",
        "categories": [
            {
                "name": "khg",
                "object_id": "6dd78f09-2cb5-4f91-b6fc-8a33eba1d0b2",
                "courses": [
                    {
                        "currency": null,
                        "tuition_note": "",
                        "tuition_number": null,
                        "currency_symbol": null,
                        "url": "http://www.mendoza.nd.edu",
                        "location_info": "",
                        "course_dates": [],
                        "name": "kkk",
                        "object_id": "00cf8551-837c-4eb1-b2ec-65fc40ac6bd5",
                        "date_modified": "2017-08-11T18:59:23.040150Z",
                        "type": null,
                        "Repeatable": null,
                        "is_advanced_management_program": true
                    }
                ],
                "date_modified": "2017-08-02T15:12:43.356558Z"
            }
        ],
        "active": true
    }
},
{
    "model": "upgrid.nondegreereport",
    "pk": "30273887-6c1e-45a2-a0ec-916c1632a948",
    "fields": {
        "date_created": "2017-09-12T14:04:43.633Z",
        "date_modified": "2017-09-12T14:04:43.633Z",
        "school": "580bbf8b-642b-4eb7-914c-03a054981719",
        "categories": [
            {
                "name": "cat2",
                "object_id": "ada0a9a5-5288-449b-9b27-74a6c20530a3",
                "courses": [
                    {
                        "currency": null,
                        "tuition_note": "",
                        "tuition_number": null,
                        "currency_symbol": null,
                        "url": null,
                        "location_info": "",
                        "course_dates": [],
                        "name": "course1",
                        "object_id": "28d02cb7-86df-4014-bfad-6ae584568dea",
                        "date_modified": "2017-09-12T14:03:36.555139Z",
                        "type": "online",
                        "Repeatable": null,
                        "is_advanced_management_program": true
                    },
                    {
                        "currency": null,
                        "tuition_note": "",
                        "tuition_number": null,
                        "currency_symbol": null,
                        "url": null,
                        "location_info": "",
                        "course_dates": [],
                        "name": "course2",
                        "object_id": "4839d6d2-0cf0-4015-a683-4636323e90ac",
                        "date_modified": "2017-09-12T14:04:18.084547Z",
                        "type": null,
                        "Repeatable": null,
                        "is_advanced_management_program": true
                    }
                ],
                "date_modified": "2017-09-12T14:02:16.176394Z"
            },
            {
                "name": "cat3",
                "object_id": "9e13273d-eef1-4563-9793-ed358ea12807",
                "courses": [],
                "date_modified": "2017-09-12T14:02:52.541310Z"
            },
            {
                "name": "khg",
                "object_id": "6dd78f09-2cb5-4f91-b6fc-8a33eba1d0b2",
                "courses": [
                    {
                        "currency": null,
                        "tuition_note": "",
                        "tuition_number": null,
                        "currency_symbol": null,
                        "url": null,
                        "location_info": "",
                        "course_dates": [],
                        "name": "course1",
                        "object_id": "28d02cb7-86df-4014-bfad-6ae584568dea",
                        "date_modified": "2017-09-12T14:03:36.555139Z",
                        "type": "online",
                        "Repeatable": null,
                        "is_advanced_management_program": true
                    },
                    {
                        "currency": null,
                        "tuition_note": "",
                        "tuition_number": null,
                        "currency_symbol": null,
                        "url": "http://www.mendoza.nd.edu",
                        "location_info": "",
                        "course_dates": [],
                        "name": "kkk",
                        "object_id": "00cf8551-837c-4eb1-b2ec-65fc40ac6bd5",
                        "date_modified": "2017-08-11T18:59:23.040150Z",
                        "type": null,
                        "Repeatable": null,
                        "is_advanced_management_program": true
                    }
                ],
                "date_modified": "2017-08-02T15:12:43.356558Z"
            }
        ],
        "active": true
    }
},
{
    "model": "upgrid.nondegreereport",
    "pk": "3cf2709f-e0ae-40c3-adf0-194750c7d293",
    "fields": {
        "date_created": "2017-09-13T16:57:51.561Z",
        "date_modified": "2017-09-13T16:57:51.563Z",
        "school": "5f7b3656-43f7-42dd-94ab-48b7d7b6b189",
        "categories": [
            {
                "name": "category1",
                "object_id": "0fc2ce55-1d11-4975-9a1c-263b4c3691e9",
                "courses": [
                    {
                        "currency": null,
                        "tuition_note": "",
                        "tuition_number": null,
                        "currency_symbol": null,
                        "url": null,
                        "location_info": null,
                        "course_dates": [],
                        "name": "course4",
                        "object_id": "a73e424e-2748-4993-89ef-31bfdf9e088e",
                        "date_modified": "2017-09-13T15:53:12.489227Z",
                        "type": null,
                        "Repeatable": null,
                        "is_advanced_management_program": false
                    },
                    {
                        "currency": null,
                        "tuition_note": "",
                        "tuition_number": null,
                        "currency_symbol": null,
                        "url": null,
                        "location_info": "",
                        "course_dates": [],
                        "name": "course5",
                        "object_id": "cc6d3437-c4fc-484a-a874-070a2cfd9d0c",
                        "date_modified": "2017-09-13T15:29:41.381656Z",
                        "type": null,
                        "Repeatable": null,
                        "is_advanced_management_program": false
                    },
                    {
                        "currency": null,
                        "tuition_note": "",
                        "tuition_number": null,
                        "currency_symbol": null,
                        "url": "http://www.mendoza.nd.edu",
                        "location_info": "",
                        "course_dates": [],
                        "name": "kkk",
                        "object_id": "00cf8551-837c-4eb1-b2ec-65fc40ac6bd5",
                        "date_modified": "2017-08-11T18:59:23.040150Z",
                        "type": null,
                        "Repeatable": null,
                        "is_advanced_management_program": true
                    }
                ],
                "date_modified": "2017-09-11T17:12:51.047049Z"
            }
        ],
        "active": true
    }
},
{
    "model": "upgrid.nondegreereport",
    "pk": "4260c6b4-f224-4397-8408-1f6a0f18dd2e",
    "fields": {
        "date_created": "2017-09-13T20:16:40.340Z",
        "date_modified": "2017-09-13T20:16:40.340Z",
        "school": "580bbf8b-642b-4eb7-914c-03a054981719",
        "categories": [
            {
                "name": "cat2",
                "object_id": "ada0a9a5-5288-449b-9b27-74a6c20530a3",
                "courses": [
                    {
                        "currency": null,
                        "tuition_note": "",
                        "tuition_number": null,
                        "currency_symbol": null,
                        "url": null,
                        "location_info": "",
                        "course_dates": [],
                        "name": "co3",
                        "object_id": "46105175-3338-4ae8-8ae9-fabd02c0932a",
                        "date_modified": "2017-09-12T14:06:00.864167Z",
                        "type": null,
                        "Repeatable": null,
                        "is_advanced_management_program": true
                    }
                ],
                "date_modified": "2017-09-12T14:02:16.176394Z"
            },
            {
                "name": "cat3",
                "object_id": "9e13273d-eef1-4563-9793-ed358ea12807",
                "courses": [
                    {
                        "currency": null,
                        "tuition_note": "",
                        "tuition_number": null,
                        "currency_symbol": null,
                        "url": null,
                        "location_info": "",
                        "course_dates": [],
                        "name": "co3",
                        "object_id": "46105175-3338-4ae8-8ae9-fabd02c0932a",
                        "date_modified": "2017-09-12T14:06:00.864167Z",
                        "type": null,
                        "Repeatable": null,
                        "is_advanced_management_program": true
                    },
                    {
                        "currency": null,
                        "tuition_note": "",
                        "tuition_number": null,
                        "currency_symbol": null,
                        "url": null,
                        "location_info": null,
                        "course_dates": [],
                        "name": "course1",
                        "object_id": "28d02cb7-86df-4014-bfad-6ae584568dea",
                        "date_modified": "2017-09-13T20:16:10.036616Z",
                        "type": "online",
                        "Repeatable": null,
                        "is_advanced_management_program": true
                    },
                    {
                        "currency": null,
                        "tuition_note": "",
                        "tuition_number": null,
                        "currency_symbol": null,
                        "url": null,
                        "location_info": "",
                        "course_dates": [],
                        "name": "course2",
                        "object_id": "4839d6d2-0cf0-4015-a683-4636323e90ac",
                        "date_modified": "2017-09-12T14:07:48.588944Z",
                        "type": null,
                        "Repeatable": null,
                        "is_advanced_management_program": true
                    }
                ],
                "date_modified": "2017-09-12T14:02:52.541310Z"
            },
            {
                "name": "khg",
                "object_id": "6dd78f09-2cb5-4f91-b6fc-8a33eba1d0b2",
                "courses": [
                    {
                        "currency": null,
                        "tuition_note": "",
                        "tuition_number": null,
                        "currency_symbol": null,
                        "url": "http://www.mendoza.nd.edu",
                        "location_info": null,
                        "course_dates": [],
                        "name": "kkk",
                        "object_id": "00cf8551-837c-4eb1-b2ec-65fc40ac6bd5",
                        "date_modified": "2017-09-13T19:52:31.475985Z",
                        "type": null,
                        "Repeatable": null,
                        "is_advanced_management_program": true
                    }
                ],
                "date_modified": "2017-08-02T15:12:43.356558Z"
            }
        ],
        "active": true
    }
},
{
    "model": "upgrid.nondegreereport",
    "pk": "60da280a-e0bf-42ac-820c-98fbc07b88bb",
    "fields": {
        "date_created": "2017-09-22T19:05:40.179Z",
        "date_modified": "2017-09-22T19:05:40.179Z",
        "school": "580bbf8b-642b-4eb7-914c-03a054981719",
        "categories": [
            {
                "name": "cat2",
                "object_id": "ada0a9a5-5288-449b-9b27-74a6c20530a3",
                "courses": [
                    {
                        "currency": null,
                        "tuition_note": "",
                        "tuition_number": null,
                        "currency_symbol": null,
                        "url": null,
                        "location_info": null,
                        "course_dates": [],
                        "name": "co3",
                        "object_id": "46105175-3338-4ae8-8ae9-fabd02c0932a",
                        "date_modified": "2017-09-22T13:42:01.315694Z",
                        "type": "onsite",
                        "Repeatable": null,
                        "is_advanced_management_program": true
                    }
                ],
                "date_modified": "2017-09-12T14:02:16.176394Z"
            },
            {
                "name": "cat3",
                "object_id": "9e13273d-eef1-4563-9793-ed358ea12807",
                "courses": [
                    {
                        "currency": null,
                        "tuition_note": "",
                        "tuition_number": null,
                        "currency_symbol": null,
                        "url": null,
                        "location_info": null,
                        "course_dates": [],
                        "name": "co3",
                        "object_id": "46105175-3338-4ae8-8ae9-fabd02c0932a",
                        "date_modified": "2017-09-22T13:42:01.315694Z",
                        "type": "onsite",
                        "Repeatable": null,
                        "is_advanced_management_program": true
                    },
                    {
                        "currency": null,
                        "tuition_note": "",
                        "tuition_number": null,
                        "currency_symbol": null,
                        "url": null,
                        "location_info": null,
                        "course_dates": [],
                        "name": "cou6",
                        "object_id": "42c217f8-b0bc-4d39-8ec2-370f95b961f0",
                        "date_modified": "2017-09-22T14:13:25.595871Z",
                        "type": "hybrid",
                        "Repeatable": null,
                        "is_advanced_management_program": false
                    },
                    {
                        "currency": null,
                        "tuition_note": "",
                        "tuition_number": null,
                        "currency_symbol": null,
                        "url": null,
                        "location_info": null,
                        "course_dates": [],
                        "name": "course1",
                        "object_id": "28d02cb7-86df-4014-bfad-6ae584568dea",
                        "date_modified": "2017-09-22T13:42:15.616466Z",
                        "type": "hybrid",
                        "Repeatable": null,
                        "is_advanced_management_program": true
                    },
                    {
                        "currency": null,
                        "tuition_note": "",
                        "tuition_number": null,
                        "currency_symbol": null,
                        "url": null,
                        "location_info": "",
                        "course_dates": [],
                        "name": "course2",
                        "object_id": "4839d6d2-0cf0-4015-a683-4636323e90ac",
                        "date_modified": "2017-09-12T14:07:48.588944Z",
                        "type": null,
                        "Repeatable": null,
                        "is_advanced_management_program": true
                    }
                ],
                "date_modified": "2017-09-12T14:02:52.541310Z"
            },
            {
                "name": "cat4",
                "object_id": "208a8dc9-662e-4e12-abe7-0089d4b573eb",
                "courses": [
                    {
                        "currency": null,
                        "tuition_note": "",
                        "tuition_number": null,
                        "currency_symbol": null,
                        "url": null,
                        "location_info": null,
                        "course_dates": [],
                        "name": "cou6",
                        "object_id": "42c217f8-b0bc-4d39-8ec2-370f95b961f0",
                        "date_modified": "2017-09-22T14:13:25.595871Z",
                        "type": "hybrid",
                        "Repeatable": null,
                        "is_advanced_management_program": false
                    }
                ],
                "date_modified": "2017-09-13T20:21:52.938650Z"
            },
            {
                "name": "khg",
                "object_id": "6dd78f09-2cb5-4f91-b6fc-8a33eba1d0b2",
                "courses": [
                    {
                        "currency": null,
                        "tuition_note": "",
                        "tuition_number": null,
                        "currency_symbol": null,
                        "url": "http://www.mendoza.nd.edu",
                        "location_info": null,
                        "course_dates": [],
                        "name": "kkk",
                        "object_id": "00cf8551-837c-4eb1-b2ec-65fc40ac6bd5",
                        "date_modified": "2017-09-13T19:52:31.475985Z",
                        "type": null,
                        "Repeatable": null,
                        "is_advanced_management_program": true
                    }
                ],
                "date_modified": "2017-08-02T15:12:43.356558Z"
            }
        ],
        "active": true
    }
},
{
    "model": "upgrid.nondegreereport",
    "pk": "637e6684-4dd6-43f8-93be-d2068e6e7c02",
    "fields": {
        "date_created": "2017-09-22T19:09:20.168Z",
        "date_modified": "2017-09-22T19:09:20.168Z",
        "school": "580bbf8b-642b-4eb7-914c-03a054981719",
        "categories": [
            {
                "name": "cat4",
                "object_id": "208a8dc9-662e-4e12-abe7-0089d4b573eb",
                "courses": [
                    {
                        "currency": null,
                        "tuition_note": "",
                        "tuition_number": null,
                        "currency_symbol": null,
                        "url": null,
                        "location_info": null,
                        "course_dates": [],
                        "name": "cou6",
                        "object_id": "42c217f8-b0bc-4d39-8ec2-370f95b961f0",
                        "date_modified": "2017-09-22T14:13:25.595871Z",
                        "type": "hybrid",
                        "Repeatable": null,
                        "is_advanced_management_program": false
                    }
                ],
                "date_modified": "2017-09-13T20:21:52.938650Z"
            },
            {
                "name": "khg",
                "object_id": "6dd78f09-2cb5-4f91-b6fc-8a33eba1d0b2",
                "courses": [
                    {
                        "currency": null,
                        "tuition_note": "",
                        "tuition_number": null,
                        "currency_symbol": null,
                        "url": "http://www.mendoza.nd.edu",
                        "location_info": null,
                        "course_dates": [],
                        "name": "kkk",
                        "object_id": "00cf8551-837c-4eb1-b2ec-65fc40ac6bd5",
                        "date_modified": "2017-09-13T19:52:31.475985Z",
                        "type": null,
                        "Repeatable": null,
                        "is_advanced_management_program": true
                    }
                ],
                "date_modified": "2017-08-02T15:12:43.356558Z"
            }
        ],
        "active": true
    }
},
{
    "model": "upgrid.nondegreereport",
    "pk": "8a6b459d-0aca-4708-a79a-2fee8076ed81",
    "fields": {
        "date_created": "2017-09-12T14:10:08.392Z",
        "date_modified": "2017-09-12T14:10:08.392Z",
        "school": "580bbf8b-642b-4eb7-914c-03a054981719",
        "categories": [
            {
                "name": "cat2",
                "object_id": "ada0a9a5-5288-449b-9b27-74a6c20530a3",
                "courses": [
                    {
                        "currency": null,
                        "tuition_note": "",
                        "tuition_number": null,
                        "currency_symbol": null,
                        "url": null,
                        "location_info": "",
                        "course_dates": [],
                        "name": "co3",
                        "object_id": "46105175-3338-4ae8-8ae9-fabd02c0932a",
                        "date_modified": "2017-09-12T14:06:00.864167Z",
                        "type": null,
                        "Repeatable": null,
                        "is_advanced_management_program": true
                    },
                    {
                        "currency": null,
                        "tuition_note": "",
                        "tuition_number": null,
                        "currency_symbol": null,
                        "url": null,
                        "location_info": "",
                        "course_dates": [],
                        "name": "course1",
                        "object_id": "28d02cb7-86df-4014-bfad-6ae584568dea",
                        "date_modified": "2017-09-12T14:03:36.555139Z",
                        "type": "online",
                        "Repeatable": null,
                        "is_advanced_management_program": true
                    }
                ],
                "date_modified": "2017-09-12T14:02:16.176394Z"
            },
            {
                "name": "cat3",
                "object_id": "9e13273d-eef1-4563-9793-ed358ea12807",
                "courses": [
                    {
                        "currency": null,
                        "tuition_note": "",
                        "tuition_number": null,
                        "currency_symbol": null,
                        "url": null,
                        "location_info": "",
                        "course_dates": [],
                        "name": "co3",
                        "object_id": "46105175-3338-4ae8-8ae9-fabd02c0932a",
                        "date_modified": "2017-09-12T14:06:00.864167Z",
                        "type": null,
                        "Repeatable": null,
                        "is_advanced_management_program": true
                    },
                    {
                        "currency": null,
                        "tuition_note": "",
                        "tuition_number": null,
                        "currency_symbol": null,
                        "url": null,
                        "location_info": "",
                        "course_dates": [],
                        "name": "course2",
                        "object_id": "4839d6d2-0cf0-4015-a683-4636323e90ac",
                        "date_modified": "2017-09-12T14:07:48.588944Z",
                        "type": null,
                        "Repeatable": null,
                        "is_advanced_management_program": true
                    }
                ],
                "date_modified": "2017-09-12T14:02:52.541310Z"
            },
            {
                "name": "khg",
                "object_id": "6dd78f09-2cb5-4f91-b6fc-8a33eba1d0b2",
                "courses": [
                    {
                        "currency": null,
                        "tuition_note": "",
                        "tuition_number": null,
                        "currency_symbol": null,
                        "url": null,
                        "location_info": "",
                        "course_dates": [],
                        "name": "course1",
                        "object_id": "28d02cb7-86df-4014-bfad-6ae584568dea",
                        "date_modified": "2017-09-12T14:03:36.555139Z",
                        "type": "online",
                        "Repeatable": null,
                        "is_advanced_management_program": true
                    },
                    {
                        "currency": null,
                        "tuition_note": "",
                        "tuition_number": null,
                        "currency_symbol": null,
                        "url": "http://www.mendoza.nd.edu",
                        "location_info": "",
                        "course_dates": [],
                        "name": "kkk",
                        "object_id": "00cf8551-837c-4eb1-b2ec-65fc40ac6bd5",
                        "date_modified": "2017-08-11T18:59:23.040150Z",
                        "type": null,
                        "Repeatable": null,
                        "is_advanced_management_program": true
                    }
                ],
                "date_modified": "2017-08-02T15:12:43.356558Z"
            }
        ],
        "active": true
    }
},
{
    "model": "upgrid.nondegreereport",
    "pk": "8ae9154f-5365-424f-a18a-1f4cacc0ce56",
    "fields": {
        "date_created": "2017-09-13T16:05:04.312Z",
        "date_modified": "2017-09-13T16:05:04.312Z",
        "school": "5f7b3656-43f7-42dd-94ab-48b7d7b6b189",
        "categories": [
            {
                "name": "category1",
                "object_id": "0fc2ce55-1d11-4975-9a1c-263b4c3691e9",
                "courses": [
                    {
                        "currency": null,
                        "tuition_note": "",
                        "tuition_number": null,
                        "currency_symbol": null,
                        "url": null,
                        "location_info": null,
                        "course_dates": [],
                        "name": "course3",
                        "object_id": "38e7db90-4e93-462c-b3a2-de11991c1d3a",
                        "date_modified": "2017-09-13T15:53:01.251402Z",
                        "type": null,
                        "Repeatable": null,
                        "is_advanced_management_program": false
                    },
                    {
                        "currency": null,
                        "tuition_note": "",
                        "tuition_number": null,
                        "currency_symbol": null,
                        "url": null,
                        "location_info": null,
                        "course_dates": [],
                        "name": "course4",
                        "object_id": "a73e424e-2748-4993-89ef-31bfdf9e088e",
                        "date_modified": "2017-09-13T15:53:12.489227Z",
                        "type": null,
                        "Repeatable": null,
                        "is_advanced_management_program": false
                    },
                    {
                        "currency": null,
                        "tuition_note": "",
                        "tuition_number": null,
                        "currency_symbol": null,
                        "url": null,
                        "location_info": "",
                        "course_dates": [],
                        "name": "course5",
                        "object_id": "cc6d3437-c4fc-484a-a874-070a2cfd9d0c",
                        "date_modified": "2017-09-13T15:29:41.381656Z",
                        "type": null,
                        "Repeatable": null,
                        "is_advanced_management_program": false
                    },
                    {
                        "currency": null,
                        "tuition_note": "",
                        "tuition_number": null,
                        "currency_symbol": null,
                        "url": "http://www.mendoza.nd.edu",
                        "location_info": "",
                        "course_dates": [],
                        "name": "kkk",
                        "object_id": "00cf8551-837c-4eb1-b2ec-65fc40ac6bd5",
                        "date_modified": "2017-08-11T18:59:23.040150Z",
                        "type": null,
                        "Repeatable": null,
                        "is_advanced_management_program": true
                    }
                ],
                "date_modified": "2017-09-11T17:12:51.047049Z"
            }
        ],
        "active": true
    }
},
{
    "model": "upgrid.nondegreereport",
    "pk": "9b7894bc-a357-4790-9341-4a42aa6860a9",
    "fields": {
        "date_created": "2017-09-22T19:39:10.022Z",
        "date_modified": "2017-09-22T19:39:10.022Z",
        "school": "580bbf8b-642b-4eb7-914c-03a054981719",
        "categories": [
            {
                "name": "cat2",
                "object_id": "ada0a9a5-5288-449b-9b27-74a6c20530a3",
                "courses": [
                    {
                        "currency": null,
                        "tuition_note": "",
                        "tuition_number": null,
                        "currency_symbol": null,
                        "url": null,
                        "location_info": null,
                        "course_dates": [],
                        "name": "co3",
                        "object_id": "46105175-3338-4ae8-8ae9-fabd02c0932a",
                        "date_modified": "2017-09-22T13:42:01.315694Z",
                        "type": "onsite",
                        "Repeatable": null,
                        "is_advanced_management_program": true
                    }
                ],
                "date_modified": "2017-09-22T19:13:41.705404Z"
            },
            {
                "name": "cat3",
                "object_id": "9e13273d-eef1-4563-9793-ed358ea12807",
                "courses": [
                    {
                        "currency": null,
                        "tuition_note": "",
                        "tuition_number": null,
                        "currency_symbol": null,
                        "url": null,
                        "location_info": null,
                        "course_dates": [],
                        "name": "co3",
                        "object_id": "46105175-3338-4ae8-8ae9-fabd02c0932a",
                        "date_modified": "2017-09-22T13:42:01.315694Z",
                        "type": "onsite",
                        "Repeatable": null,
                        "is_advanced_management_program": true
                    },
                    {
                        "currency": null,
                        "tuition_note": "",
                        "tuition_number": null,
                        "currency_symbol": null,
                        "url": null,
                        "location_info": null,
                        "course_dates": [],
                        "name": "cou6",
                        "object_id": "42c217f8-b0bc-4d39-8ec2-370f95b961f0",
                        "date_modified": "2017-09-22T14:13:25.595871Z",
                        "type": "hybrid",
                        "Repeatable": null,
                        "is_advanced_management_program": false
                    },
                    {
                        "currency": null,
                        "tuition_note": "",
                        "tuition_number": null,
                        "currency_symbol": null,
                        "url": null,
                        "location_info": null,
                        "course_dates": [],
                        "name": "course1",
                        "object_id": "28d02cb7-86df-4014-bfad-6ae584568dea",
                        "date_modified": "2017-09-22T13:42:15.616466Z",
                        "type": "hybrid",
                        "Repeatable": null,
                        "is_advanced_management_program": true
                    },
                    {
                        "currency": null,
                        "tuition_note": "",
                        "tuition_number": null,
                        "currency_symbol": null,
                        "url": null,
                        "location_info": "",
                        "course_dates": [],
                        "name": "course2",
                        "object_id": "4839d6d2-0cf0-4015-a683-4636323e90ac",
                        "date_modified": "2017-09-12T14:07:48.588944Z",
                        "type": null,
                        "Repeatable": null,
                        "is_advanced_management_program": true
                    }
                ],
                "date_modified": "2017-09-22T19:13:47.629988Z"
            },
            {
                "name": "khg",
                "object_id": "6dd78f09-2cb5-4f91-b6fc-8a33eba1d0b2",
                "courses": [],
                "date_modified": "2017-08-02T15:12:43.356558Z"
            }
        ],
        "active": true
    }
},
{
    "model": "upgrid.nondegreereport",
    "pk": "a695e122-7264-40f2-a7e2-c2f732f73683",
    "fields": {
        "date_created": "2017-09-22T19:42:20.317Z",
        "date_modified": "2017-09-22T19:42:20.317Z",
        "school": "580bbf8b-642b-4eb7-914c-03a054981719",
        "categories": [
            {
                "name": "cat2",
                "object_id": "ada0a9a5-5288-449b-9b27-74a6c20530a3",
                "courses": [
                    {
                        "currency": null,
                        "tuition_note": "",
                        "tuition_number": null,
                        "currency_symbol": null,
                        "url": null,
                        "location_info": null,
                        "course_dates": [],
                        "name": "co3",
                        "object_id": "46105175-3338-4ae8-8ae9-fabd02c0932a",
                        "date_modified": "2017-09-22T13:42:01.315694Z",
                        "type": "onsite",
                        "Repeatable": null,
                        "is_advanced_management_program": true
                    }
                ],
                "date_modified": "2017-09-22T19:13:41.705404Z"
            },
            {
                "name": "cat3",
                "object_id": "9e13273d-eef1-4563-9793-ed358ea12807",
                "courses": [
                    {
                        "currency": null,
                        "tuition_note": "",
                        "tuition_number": null,
                        "currency_symbol": null,
                        "url": null,
                        "location_info": null,
                        "course_dates": [],
                        "name": "co3",
                        "object_id": "46105175-3338-4ae8-8ae9-fabd02c0932a",
                        "date_modified": "2017-09-22T13:42:01.315694Z",
                        "type": "onsite",
                        "Repeatable": null,
                        "is_advanced_management_program": true
                    },
                    {
                        "currency": null,
                        "tuition_note": "",
                        "tuition_number": null,
                        "currency_symbol": null,
                        "url": null,
                        "location_info": null,
                        "course_dates": [],
                        "name": "cou6",
                        "object_id": "42c217f8-b0bc-4d39-8ec2-370f95b961f0",
                        "date_modified": "2017-09-22T14:13:25.595871Z",
                        "type": "hybrid",
                        "Repeatable": null,
                        "is_advanced_management_program": false
                    },
                    {
                        "currency": null,
                        "tuition_note": "",
                        "tuition_number": null,
                        "currency_symbol": null,
                        "url": null,
                        "location_info": null,
                        "course_dates": [],
                        "name": "course1",
                        "object_id": "28d02cb7-86df-4014-bfad-6ae584568dea",
                        "date_modified": "2017-09-22T13:42:15.616466Z",
                        "type": "hybrid",
                        "Repeatable": null,
                        "is_advanced_management_program": true
                    },
                    {
                        "currency": null,
                        "tuition_note": "",
                        "tuition_number": null,
                        "currency_symbol": null,
                        "url": null,
                        "location_info": "",
                        "course_dates": [],
                        "name": "course2",
                        "object_id": "4839d6d2-0cf0-4015-a683-4636323e90ac",
                        "date_modified": "2017-09-12T14:07:48.588944Z",
                        "type": null,
                        "Repeatable": null,
                        "is_advanced_management_program": true
                    }
                ],
                "date_modified": "2017-09-22T19:13:47.629988Z"
            },
            {
                "name": "cat4",
                "object_id": "208a8dc9-662e-4e12-abe7-0089d4b573eb",
                "courses": [
                    {
                        "currency": null,
                        "tuition_note": "",
                        "tuition_number": null,
                        "currency_symbol": null,
                        "url": null,
                        "location_info": null,
                        "course_dates": [],
                        "name": "cou6",
                        "object_id": "42c217f8-b0bc-4d39-8ec2-370f95b961f0",
                        "date_modified": "2017-09-22T14:13:25.595871Z",
                        "type": "hybrid",
                        "Repeatable": null,
                        "is_advanced_management_program": false
                    }
                ],
                "date_modified": "2017-09-22T19:41:36.984148Z"
            },
            {
                "name": "khg",
                "object_id": "6dd78f09-2cb5-4f91-b6fc-8a33eba1d0b2",
                "courses": [],
                "date_modified": "2017-08-02T15:12:43.356558Z"
            }
        ],
        "active": true
    }
},
{
    "model": "upgrid.nondegreereport",
    "pk": "acfda4d2-9df6-4a4e-87c1-5cf48ed0e6e3",
    "fields": {
        "date_created": "2017-09-13T14:26:46.186Z",
        "date_modified": "2017-09-13T14:26:46.186Z",
        "school": "5f7b3656-43f7-42dd-94ab-48b7d7b6b189",
        "categories": [
            {
                "name": "category1",
                "object_id": "0fc2ce55-1d11-4975-9a1c-263b4c3691e9",
                "courses": [
                    {
                        "currency": null,
                        "tuition_note": "",
                        "tuition_number": null,
                        "currency_symbol": null,
                        "url": "http://www.mendoza.nd.edu",
                        "location_info": "",
                        "course_dates": [],
                        "name": "kkk",
                        "object_id": "00cf8551-837c-4eb1-b2ec-65fc40ac6bd5",
                        "date_modified": "2017-08-11T18:59:23.040150Z",
                        "type": null,
                        "Repeatable": null,
                        "is_advanced_management_program": true
                    }
                ],
                "date_modified": "2017-09-11T17:12:51.047049Z"
            }
        ],
        "active": true
    }
},
{
    "model": "upgrid.nondegreereport",
    "pk": "b7d16609-5e39-4531-8476-be3f71c19db8",
    "fields": {
        "date_created": "2017-09-13T15:30:13.519Z",
        "date_modified": "2017-09-13T15:30:13.519Z",
        "school": "5f7b3656-43f7-42dd-94ab-48b7d7b6b189",
        "categories": [
            {
                "name": "category1",
                "object_id": "0fc2ce55-1d11-4975-9a1c-263b4c3691e9",
                "courses": [
                    {
                        "currency": null,
                        "tuition_note": "",
                        "tuition_number": null,
                        "currency_symbol": null,
                        "url": null,
                        "location_info": "",
                        "course_dates": [],
                        "name": "course5",
                        "object_id": "cc6d3437-c4fc-484a-a874-070a2cfd9d0c",
                        "date_modified": "2017-09-13T15:29:41.381656Z",
                        "type": null,
                        "Repeatable": null,
                        "is_advanced_management_program": false
                    },
                    {
                        "currency": null,
                        "tuition_note": "",
                        "tuition_number": null,
                        "currency_symbol": null,
                        "url": "http://www.mendoza.nd.edu",
                        "location_info": "",
                        "course_dates": [],
                        "name": "kkk",
                        "object_id": "00cf8551-837c-4eb1-b2ec-65fc40ac6bd5",
                        "date_modified": "2017-08-11T18:59:23.040150Z",
                        "type": null,
                        "Repeatable": null,
                        "is_advanced_management_program": true
                    }
                ],
                "date_modified": "2017-09-11T17:12:51.047049Z"
            }
        ],
        "active": true
    }
},
{
    "model": "upgrid.nondegreereport",
    "pk": "c731cbae-bf18-4719-bcd6-08cc93678dee",
    "fields": {
        "date_created": "2017-09-22T19:19:44.907Z",
        "date_modified": "2017-09-22T19:19:44.907Z",
        "school": "580bbf8b-642b-4eb7-914c-03a054981719",
        "categories": [
            {
                "name": "cat2",
                "object_id": "ada0a9a5-5288-449b-9b27-74a6c20530a3",
                "courses": [
                    {
                        "currency": null,
                        "tuition_note": "",
                        "tuition_number": null,
                        "currency_symbol": null,
                        "url": null,
                        "location_info": null,
                        "course_dates": [],
                        "name": "co3",
                        "object_id": "46105175-3338-4ae8-8ae9-fabd02c0932a",
                        "date_modified": "2017-09-22T13:42:01.315694Z",
                        "type": "onsite",
                        "Repeatable": null,
                        "is_advanced_management_program": true
                    }
                ],
                "date_modified": "2017-09-22T19:13:41.705404Z"
            },
            {
                "name": "cat3",
                "object_id": "9e13273d-eef1-4563-9793-ed358ea12807",
                "courses": [
                    {
                        "currency": null,
                        "tuition_note": "",
                        "tuition_number": null,
                        "currency_symbol": null,
                        "url": null,
                        "location_info": null,
                        "course_dates": [],
                        "name": "co3",
                        "object_id": "46105175-3338-4ae8-8ae9-fabd02c0932a",
                        "date_modified": "2017-09-22T13:42:01.315694Z",
                        "type": "onsite",
                        "Repeatable": null,
                        "is_advanced_management_program": true
                    },
                    {
                        "currency": null,
                        "tuition_note": "",
                        "tuition_number": null,
                        "currency_symbol": null,
                        "url": null,
                        "location_info": null,
                        "course_dates": [],
                        "name": "cou6",
                        "object_id": "42c217f8-b0bc-4d39-8ec2-370f95b961f0",
                        "date_modified": "2017-09-22T14:13:25.595871Z",
                        "type": "hybrid",
                        "Repeatable": null,
                        "is_advanced_management_program": false
                    },
                    {
                        "currency": null,
                        "tuition_note": "",
                        "tuition_number": null,
                        "currency_symbol": null,
                        "url": null,
                        "location_info": null,
                        "course_dates": [],
                        "name": "course1",
                        "object_id": "28d02cb7-86df-4014-bfad-6ae584568dea",
                        "date_modified": "2017-09-22T13:42:15.616466Z",
                        "type": "hybrid",
                        "Repeatable": null,
                        "is_advanced_management_program": true
                    },
                    {
                        "currency": null,
                        "tuition_note": "",
                        "tuition_number": null,
                        "currency_symbol": null,
                        "url": null,
                        "location_info": "",
                        "course_dates": [],
                        "name": "course2",
                        "object_id": "4839d6d2-0cf0-4015-a683-4636323e90ac",
                        "date_modified": "2017-09-12T14:07:48.588944Z",
                        "type": null,
                        "Repeatable": null,
                        "is_advanced_management_program": true
                    }
                ],
                "date_modified": "2017-09-22T19:13:47.629988Z"
            },
            {
                "name": "cat4",
                "object_id": "208a8dc9-662e-4e12-abe7-0089d4b573eb",
                "courses": [
                    {
                        "currency": null,
                        "tuition_note": "",
                        "tuition_number": null,
                        "currency_symbol": null,
                        "url": null,
                        "location_info": null,
                        "course_dates": [],
                        "name": "cou6",
                        "object_id": "42c217f8-b0bc-4d39-8ec2-370f95b961f0",
                        "date_modified": "2017-09-22T14:13:25.595871Z",
                        "type": "hybrid",
                        "Repeatable": null,
                        "is_advanced_management_program": false
                    }
                ],
                "date_modified": "2017-09-13T20:21:52.938650Z"
            },
            {
                "name": "khg",
                "object_id": "6dd78f09-2cb5-4f91-b6fc-8a33eba1d0b2",
                "courses": [],
                "date_modified": "2017-08-02T15:12:43.356558Z"
            }
        ],
        "active": true
    }
},
{
    "model": "upgrid.nondegreereport",
    "pk": "e758df58-0080-4ab1-af67-42781f9f4c14",
    "fields": {
        "date_created": "2017-09-13T20:02:21.907Z",
        "date_modified": "2017-09-13T20:02:21.907Z",
        "school": "5f7b3656-43f7-42dd-94ab-48b7d7b6b189",
        "categories": [
            {
                "name": "category1",
                "object_id": "0fc2ce55-1d11-4975-9a1c-263b4c3691e9",
                "courses": [
                    {
                        "currency": null,
                        "tuition_note": "",
                        "tuition_number": null,
                        "currency_symbol": null,
                        "url": null,
                        "location_info": null,
                        "course_dates": [],
                        "name": "course4",
                        "object_id": "a73e424e-2748-4993-89ef-31bfdf9e088e",
                        "date_modified": "2017-09-13T15:53:12.489227Z",
                        "type": null,
                        "Repeatable": null,
                        "is_advanced_management_program": false
                    },
                    {
                        "currency": null,
                        "tuition_note": "",
                        "tuition_number": null,
                        "currency_symbol": null,
                        "url": null,
                        "location_info": "",
                        "course_dates": [],
                        "name": "course5",
                        "object_id": "cc6d3437-c4fc-484a-a874-070a2cfd9d0c",
                        "date_modified": "2017-09-13T15:29:41.381656Z",
                        "type": null,
                        "Repeatable": null,
                        "is_advanced_management_program": false
                    }
                ],
                "date_modified": "2017-09-11T17:12:51.047049Z"
            }
        ],
        "active": true
    }
},
{
    "model": "upgrid.nondegreewhoopsreport",
    "pk": "010cf2f1-a810-463b-a702-5e63945296d1",
    "fields": {
        "date_created": "2017-08-16T16:42:22.370Z",
        "date_modified": "2017-08-25T03:36:56.465Z",
        "university_school": "f49cf5b6-2d69-4471-abb7-080bf94008c1",
        "note": "It doesn't matter if you deploy to staging before promote. They are on different branches. We just need to be clear what previously deployed to staging work then we can promote the deployed code to production, regardless what will be/are deployed to staging after tests.",
        "active": true,
        "starred": true,
        "completed": true
    }
},
{
    "model": "upgrid.nondegreewhoopsreport",
    "pk": "106e96d1-ea59-4418-a65a-6c1641021704",
    "fields": {
        "date_created": "2017-08-17T20:00:42.080Z",
        "date_modified": "2017-08-25T03:36:41.676Z",
        "university_school": "f49cf5b6-2d69-4471-abb7-080bf94008c1",
        "note": "\u25cf Try to list only the *primary* component.\r\n\u25cf Stick to reusing existing component strings where possible.\r\n\u25cf Use lowercase strings, with multiple components being newline separated.\r\n\u25cf If the package is a general purpose set of utilities choose 'various', if it\r\nis a tool choose 'tooling', if it is a higher level abstraction choose\r\n'framework'.",
        "active": true,
        "starred": true,
        "completed": false
    }
},
{
    "model": "upgrid.nondegreewhoopsreport",
    "pk": "21a6ea7d-fd17-451a-b882-d50d9d4ada50",
    "fields": {
        "date_created": "2017-08-24T14:05:33.261Z",
        "date_modified": "2017-08-25T14:50:26.707Z",
        "university_school": "f49cf5b6-2d69-4471-abb7-080bf94008c1",
        "note": "nk njk lk  sv  v sv",
        "active": true,
        "starred": true,
        "completed": false
    }
},
{
    "model": "upgrid.nondegreewhoopsreport",
    "pk": "4434042c-cedc-4d86-af7c-cf1392e82a1b",
    "fields": {
        "date_created": "2017-08-19T03:38:40.995Z",
        "date_modified": "2017-08-25T03:28:24.787Z",
        "university_school": "f49cf5b6-2d69-4471-abb7-080bf94008c1",
        "note": "An awesome package is one that is mature (not recently released), is well maintained, has a good amount of users, has good documentation, follows the best practices, and which latest release is less than 1 year old. Awesome Django packages and projects are the ones that inspire and serve as examples.",
        "active": true,
        "starred": false,
        "completed": false
    }
},
{
    "model": "upgrid.nondegreewhoopsreport",
    "pk": "499f91b1-0b03-4a45-a7b0-0ee2ab883b7a",
    "fields": {
        "date_created": "2017-08-24T14:06:00.641Z",
        "date_modified": "2017-08-25T14:50:38.740Z",
        "university_school": "f49cf5b6-2d69-4471-abb7-080bf94008c1",
        "note": "htn e erg er ge t eh et e\r\nyuj u tjytk\r\nil utk\r\n tjy",
        "active": true,
        "starred": true,
        "completed": false
    }
},
{
    "model": "upgrid.nondegreewhoopsreport",
    "pk": "4f0537b5-922a-42e5-9760-47a29f359e03",
    "fields": {
        "date_created": "2017-08-22T18:17:29.515Z",
        "date_modified": "2017-08-22T18:17:29.515Z",
        "university_school": "472fa7d4-e5bf-424c-8cc8-9c8c6ed30e73",
        "note": "czxc dsv  dv",
        "active": true,
        "starred": false,
        "completed": false
    }
},
{
    "model": "upgrid.nondegreewhoopsreport",
    "pk": "61f30cda-1756-4aa5-b3b1-60e0b6fa34b9",
    "fields": {
        "date_created": "2017-08-19T03:43:47.741Z",
        "date_modified": "2017-08-25T03:37:06.369Z",
        "university_school": "f49cf5b6-2d69-4471-abb7-080bf94008c1",
        "note": "ess than 1 year old. Awesome Django packages and projects are the ones that inspire and serve as examples.\r\n\r\nTwitter feed: twitter.com/AwesomeDjango",
        "active": true,
        "starred": true,
        "completed": true
    }
},
{
    "model": "upgrid.nondegreewhoopsreport",
    "pk": "6211c174-a80e-4316-8188-f25c045e4fa4",
    "fields": {
        "date_created": "2017-08-19T03:40:41.731Z",
        "date_modified": "2017-08-25T14:50:29.750Z",
        "university_school": "f49cf5b6-2d69-4471-abb7-080bf94008c1",
        "note": "If you need an OAuth2 provider you'll want to add the following to your urls.py. Notice that oauth2_provider namespace is mandatory.",
        "active": true,
        "starred": true,
        "completed": false
    }
},
{
    "model": "upgrid.nondegreewhoopsreport",
    "pk": "7c374e66-3eab-44d5-aac7-57fab4e15e13",
    "fields": {
        "date_created": "2017-08-22T18:17:15.662Z",
        "date_modified": "2017-09-25T14:07:08.622Z",
        "university_school": "f49cf5b6-2d69-4471-abb7-080bf94008c1",
        "note": "csa",
        "active": true,
        "starred": true,
        "completed": false
    }
},
{
    "model": "upgrid.nondegreewhoopsreport",
    "pk": "99279759-4ef6-4436-95e9-92f57e71d9de",
    "fields": {
        "date_created": "2017-08-17T20:02:00.330Z",
        "date_modified": "2017-08-25T03:36:50.557Z",
        "university_school": "f49cf5b6-2d69-4471-abb7-080bf94008c1",
        "note": "Although i don't know how are you going to use that form, you can put that as your field's queryset in order to get what you need",
        "active": true,
        "starred": true,
        "completed": true
    }
},
{
    "model": "upgrid.nondegreewhoopsreport",
    "pk": "a088059e-dc97-49a9-bfde-fc2c077f0a0c",
    "fields": {
        "date_created": "2017-08-24T14:06:22.371Z",
        "date_modified": "2017-09-25T14:07:14.024Z",
        "university_school": "f49cf5b6-2d69-4471-abb7-080bf94008c1",
        "note": "fhnhn et et her thrt \r\nyikyi",
        "active": true,
        "starred": false,
        "completed": true
    }
},
{
    "model": "upgrid.nondegreewhoopsreport",
    "pk": "b38e9592-258e-46b3-aa82-d67f120af8bf",
    "fields": {
        "date_created": "2017-08-19T03:41:20.891Z",
        "date_modified": "2017-08-25T14:50:19.465Z",
        "university_school": "f49cf5b6-2d69-4471-abb7-080bf94008c1",
        "note": "Please do not add new features to this grid without first raising on the\r\ndjango-rest-framework discussion group.",
        "active": true,
        "starred": true,
        "completed": true
    }
},
{
    "model": "upgrid.nondegreewhoopsreport",
    "pk": "c3dbca72-6e3a-4771-9ae6-1f475d7c544a",
    "fields": {
        "date_created": "2017-08-19T03:41:45.173Z",
        "date_modified": "2017-08-25T14:49:55.277Z",
        "university_school": "f49cf5b6-2d69-4471-abb7-080bf94008c1",
        "note": "A curated list of awesome Django apps, projects and resources.\r\n\r\nQ: What is an awesome Django package?",
        "active": true,
        "starred": true,
        "completed": true
    }
},
{
    "model": "upgrid.nondegreereportcustomermapping",
    "pk": "0882331b-37c7-4fbb-bb2f-b07e96016680",
    "fields": {
        "date_created": "2017-09-22T19:42:20.355Z",
        "date_modified": "2017-09-22T19:42:20.355Z",
        "customer": "6115c060-9cf9-4ae9-8f5b-ce18dddd6ad8",
        "report": "a695e122-7264-40f2-a7e2-c2f732f73683",
        "is_sent": false,
        "send_fail": true
    }
},
{
    "model": "upgrid.nondegreereportcustomermapping",
    "pk": "09fd195b-03d1-4aee-95c9-e48bb12b7a7d",
    "fields": {
        "date_created": "2017-09-22T19:19:44.961Z",
        "date_modified": "2017-09-22T19:19:44.961Z",
        "customer": "f5c6b76f-ed92-4d8c-b7bb-69d41daef849",
        "report": "c731cbae-bf18-4719-bcd6-08cc93678dee",
        "is_sent": false,
        "send_fail": true
    }
},
{
    "model": "upgrid.nondegreereportcustomermapping",
    "pk": "1021c9ff-2fa1-4420-bfa9-d9ae674e0c23",
    "fields": {
        "date_created": "2017-09-22T19:42:20.362Z",
        "date_modified": "2017-09-22T19:42:20.362Z",
        "customer": "fa4092f4-5384-4f03-a42f-e6b27f6b7495",
        "report": "a695e122-7264-40f2-a7e2-c2f732f73683",
        "is_sent": false,
        "send_fail": true
    }
},
{
    "model": "upgrid.nondegreereportcustomermapping",
    "pk": "14ad013d-1ce8-4b22-ac11-25545ab31947",
    "fields": {
        "date_created": "2017-09-22T19:09:20.245Z",
        "date_modified": "2017-09-22T19:09:20.245Z",
        "customer": "c15cc789-f3a4-4d78-aff7-04e402238784",
        "report": "637e6684-4dd6-43f8-93be-d2068e6e7c02",
        "is_sent": false,
        "send_fail": true
    }
},
{
    "model": "upgrid.nondegreereportcustomermapping",
    "pk": "172242a2-ebb2-41e0-82b3-2d79403bdd09",
    "fields": {
        "date_created": "2017-09-22T19:09:20.243Z",
        "date_modified": "2017-09-22T19:09:20.243Z",
        "customer": "fa4092f4-5384-4f03-a42f-e6b27f6b7495",
        "report": "637e6684-4dd6-43f8-93be-d2068e6e7c02",
        "is_sent": false,
        "send_fail": true
    }
},
{
    "model": "upgrid.nondegreereportcustomermapping",
    "pk": "23319dce-6445-45f7-b639-4461b2acab11",
    "fields": {
        "date_created": "2017-09-22T19:09:20.248Z",
        "date_modified": "2017-09-22T19:09:20.248Z",
        "customer": "f5c6b76f-ed92-4d8c-b7bb-69d41daef849",
        "report": "637e6684-4dd6-43f8-93be-d2068e6e7c02",
        "is_sent": false,
        "send_fail": true
    }
},
{
    "model": "upgrid.nondegreereportcustomermapping",
    "pk": "3466e740-28a9-4060-a923-92fed156332d",
    "fields": {
        "date_created": "2017-09-22T19:05:40.245Z",
        "date_modified": "2017-09-22T19:05:40.245Z",
        "customer": "2d06b35b-9792-4522-9a6d-152c9f270067",
        "report": "60da280a-e0bf-42ac-820c-98fbc07b88bb",
        "is_sent": false,
        "send_fail": true
    }
},
{
    "model": "upgrid.nondegreereportcustomermapping",
    "pk": "4af4a356-9d47-401e-ae9b-607cb0752c61",
    "fields": {
        "date_created": "2017-09-22T19:05:40.258Z",
        "date_modified": "2017-09-22T19:05:40.258Z",
        "customer": "fa4092f4-5384-4f03-a42f-e6b27f6b7495",
        "report": "60da280a-e0bf-42ac-820c-98fbc07b88bb",
        "is_sent": false,
        "send_fail": true
    }
},
{
    "model": "upgrid.nondegreereportcustomermapping",
    "pk": "54f6c5e1-5a09-40d6-98ef-ac1993589616",
    "fields": {
        "date_created": "2017-09-22T19:19:44.953Z",
        "date_modified": "2017-09-22T19:19:44.953Z",
        "customer": "2d06b35b-9792-4522-9a6d-152c9f270067",
        "report": "c731cbae-bf18-4719-bcd6-08cc93678dee",
        "is_sent": false,
        "send_fail": true
    }
},
{
    "model": "upgrid.nondegreereportcustomermapping",
    "pk": "6aa61cb4-3df4-484b-a248-138b73609e49",
    "fields": {
        "date_created": "2017-09-22T19:42:20.365Z",
        "date_modified": "2017-09-22T19:42:20.365Z",
        "customer": "c15cc789-f3a4-4d78-aff7-04e402238784",
        "report": "a695e122-7264-40f2-a7e2-c2f732f73683",
        "is_sent": false,
        "send_fail": true
    }
},
{
    "model": "upgrid.nondegreereportcustomermapping",
    "pk": "6b94d9ca-5e58-4acf-a212-3d07464591b5",
    "fields": {
        "date_created": "2017-09-22T19:39:10.083Z",
        "date_modified": "2017-09-22T19:39:10.084Z",
        "customer": "6115c060-9cf9-4ae9-8f5b-ce18dddd6ad8",
        "report": "9b7894bc-a357-4790-9341-4a42aa6860a9",
        "is_sent": false,
        "send_fail": true
    }
},
{
    "model": "upgrid.nondegreereportcustomermapping",
    "pk": "766fa434-502d-446e-8cfb-1cec295c34cf",
    "fields": {
        "date_created": "2017-09-22T19:09:20.233Z",
        "date_modified": "2017-09-22T19:09:20.233Z",
        "customer": "2d06b35b-9792-4522-9a6d-152c9f270067",
        "report": "637e6684-4dd6-43f8-93be-d2068e6e7c02",
        "is_sent": false,
        "send_fail": true
    }
},
{
    "model": "upgrid.nondegreereportcustomermapping",
    "pk": "813a00f7-f3a3-404b-be73-9f9aae30e6f6",
    "fields": {
        "date_created": "2017-09-22T19:05:40.260Z",
        "date_modified": "2017-09-22T19:05:40.260Z",
        "customer": "c15cc789-f3a4-4d78-aff7-04e402238784",
        "report": "60da280a-e0bf-42ac-820c-98fbc07b88bb",
        "is_sent": false,
        "send_fail": true
    }
},
{
    "model": "upgrid.nondegreereportcustomermapping",
    "pk": "8980dd0a-e557-43f8-b499-87187ccae6cf",
    "fields": {
        "date_created": "2017-09-22T19:42:20.352Z",
        "date_modified": "2017-09-22T19:42:20.352Z",
        "customer": "2d06b35b-9792-4522-9a6d-152c9f270067",
        "report": "a695e122-7264-40f2-a7e2-c2f732f73683",
        "is_sent": false,
        "send_fail": true
    }
},
{
    "model": "upgrid.nondegreereportcustomermapping",
    "pk": "a5c4baaf-8a98-4df9-9b23-7025f07f1ff4",
    "fields": {
        "date_created": "2017-09-22T19:39:10.088Z",
        "date_modified": "2017-09-22T19:39:10.088Z",
        "customer": "fa4092f4-5384-4f03-a42f-e6b27f6b7495",
        "report": "9b7894bc-a357-4790-9341-4a42aa6860a9",
        "is_sent": false,
        "send_fail": true
    }
},
{
    "model": "upgrid.nondegreereportcustomermapping",
    "pk": "ac70174b-f138-4e18-9979-7e9805cf2a9b",
    "fields": {
        "date_created": "2017-09-22T19:19:44.960Z",
        "date_modified": "2017-09-22T19:19:44.960Z",
        "customer": "c15cc789-f3a4-4d78-aff7-04e402238784",
        "report": "c731cbae-bf18-4719-bcd6-08cc93678dee",
        "is_sent": false,
        "send_fail": true
    }
},
{
    "model": "upgrid.nondegreereportcustomermapping",
    "pk": "bbc876db-b4d3-41fb-904d-cf21646c3127",
    "fields": {
        "date_created": "2017-09-22T19:09:20.239Z",
        "date_modified": "2017-09-22T19:09:20.239Z",
        "customer": "6115c060-9cf9-4ae9-8f5b-ce18dddd6ad8",
        "report": "637e6684-4dd6-43f8-93be-d2068e6e7c02",
        "is_sent": false,
        "send_fail": true
    }
},
{
    "model": "upgrid.nondegreereportcustomermapping",
    "pk": "c33bad3d-edce-4e8a-90ff-e4967a204a08",
    "fields": {
        "date_created": "2017-09-22T19:39:10.069Z",
        "date_modified": "2017-09-22T19:39:10.069Z",
        "customer": "2d06b35b-9792-4522-9a6d-152c9f270067",
        "report": "9b7894bc-a357-4790-9341-4a42aa6860a9",
        "is_sent": false,
        "send_fail": true
    }
},
{
    "model": "upgrid.nondegreereportcustomermapping",
    "pk": "ca0e6652-909e-47ec-a26e-fc2513961b37",
    "fields": {
        "date_created": "2017-09-22T19:19:44.956Z",
        "date_modified": "2017-09-22T19:19:44.956Z",
        "customer": "6115c060-9cf9-4ae9-8f5b-ce18dddd6ad8",
        "report": "c731cbae-bf18-4719-bcd6-08cc93678dee",
        "is_sent": false,
        "send_fail": true
    }
},
{
    "model": "upgrid.nondegreereportcustomermapping",
    "pk": "d966ed81-af90-4c6e-992c-e5c34f9dd90a",
    "fields": {
        "date_created": "2017-09-22T19:39:10.093Z",
        "date_modified": "2017-09-22T19:39:10.093Z",
        "customer": "c15cc789-f3a4-4d78-aff7-04e402238784",
        "report": "9b7894bc-a357-4790-9341-4a42aa6860a9",
        "is_sent": false,
        "send_fail": true
    }
},
{
    "model": "upgrid.nondegreereportcustomermapping",
    "pk": "df48c967-a94d-49c7-a886-22d60fef93c3",
    "fields": {
        "date_created": "2017-09-22T19:19:44.958Z",
        "date_modified": "2017-09-22T19:19:44.958Z",
        "customer": "fa4092f4-5384-4f03-a42f-e6b27f6b7495",
        "report": "c731cbae-bf18-4719-bcd6-08cc93678dee",
        "is_sent": false,
        "send_fail": true
    }
},
{
    "model": "upgrid.nondegreereportcustomermapping",
    "pk": "e0b0f5a4-be07-413f-906b-98b6e964c57d",
    "fields": {
        "date_created": "2017-09-22T19:05:40.262Z",
        "date_modified": "2017-09-22T19:05:40.262Z",
        "customer": "f5c6b76f-ed92-4d8c-b7bb-69d41daef849",
        "report": "60da280a-e0bf-42ac-820c-98fbc07b88bb",
        "is_sent": false,
        "send_fail": true
    }
},
{
    "model": "upgrid.nondegreereportcustomermapping",
    "pk": "ea6dbd35-4bb4-4a52-8b7f-c4598e0f662c",
    "fields": {
        "date_created": "2017-09-22T19:39:10.096Z",
        "date_modified": "2017-09-22T19:39:10.096Z",
        "customer": "f5c6b76f-ed92-4d8c-b7bb-69d41daef849",
        "report": "9b7894bc-a357-4790-9341-4a42aa6860a9",
        "is_sent": false,
        "send_fail": true
    }
},
{
    "model": "upgrid.nondegreereportcustomermapping",
    "pk": "f1ec8cf7-0401-44d8-b5d3-500fd95697c0",
    "fields": {
        "date_created": "2017-09-22T19:42:20.367Z",
        "date_modified": "2017-09-22T19:42:20.367Z",
        "customer": "f5c6b76f-ed92-4d8c-b7bb-69d41daef849",
        "report": "a695e122-7264-40f2-a7e2-c2f732f73683",
        "is_sent": false,
        "send_fail": true
    }
},
{
    "model": "upgrid.nondegreereportcustomermapping",
    "pk": "fc4d7069-92d1-47f4-a54c-b529f2efe8de",
    "fields": {
        "date_created": "2017-09-22T19:05:40.255Z",
        "date_modified": "2017-09-22T19:05:40.255Z",
        "customer": "6115c060-9cf9-4ae9-8f5b-ce18dddd6ad8",
        "report": "60da280a-e0bf-42ac-820c-98fbc07b88bb",
        "is_sent": false,
        "send_fail": true
    }
}
]
